r,"C(r, t=50000.0)","C(r, t=100000.0)","C(r, t=150000.0)","C(r, t=200000.0)","C(r, t=250000.0)","C(r, t=300000.0)","C(r, t=350000.0)","C(r, t=400000.0)","C(r, t=450000.0)","C(r, t=500000.0)","C(r, t=550000.0)","C(r, t=600000.0)","C(r, t=650000.0)","C(r, t=700000.0)","C(r, t=750000.0)","C(r, t=800000.0)","C(r, t=850000.0)","C(r, t=900000.0)","C(r, t=950000.0)","C(r, t=1000000.0)"
0.0,0.0,1.0195481403463826e-88,9.47115114513878e-87,4.429994129367286e-85,1.3910246685913394e-83,3.298659793726473e-82,6.301256364245716e-81,1.009996013288993e-79,1.3971296931887048e-78,1.7026305078253426e-77,1.8569380072663387e-76,1.835058988946024e-75,1.6597031544424741e-74,1.3852561114277455e-73,1.0743922687849439e-72,7.789215481438748e-72,5.305564511684588e-71,3.410347317037172e-70,2.0767403040305758e-69,1.2021963814397412e-68
0.0031446540880503146,0.0,2.0170752855262264e-88,1.8540425558034635e-86,8.582942316373594e-85,2.6680460818649245e-83,6.265082806500589e-82,1.1853559387750528e-80,1.8822251663724383e-79,2.5799627746244145e-78,3.1161128771023163e-77,3.368948520195829e-76,3.300930519959277e-75,2.9606598816379913e-74,2.4509789803934207e-73,1.885822844751761e-72,1.3565470988524154e-71,9.169553365750504e-71,5.850064468820956e-70,3.536368982288279e-69,2.032497201652599e-68
0.006289308176100629,0.0,5.009656721065758e-88,4.57482487967222e-86,2.104178687739252e-84,6.499110321685679e-83,1.5164351844822937e-81,2.8510468458264962e-80,4.4989126256227743e-79,6.128462018931543e-78,7.356559984933236e-77,7.904980058984298e-76,7.698545112999037e-75,6.863530063224543e-74,5.648147587290446e-73,4.320114572652212e-72,3.0894237509780368e-71,2.076151992794825e-70,1.3169215924172306e-69,7.915255017061388e-69,4.5233996622911715e-68
0.009433962264150945,0.0,1.4733149338427561e-87,1.3367838995226804e-85,6.109256570260919e-84,1.8749874612148422e-82,4.347369086051177e-81,8.122402431546909e-80,1.2737502647259362e-78,1.7244225777806553e-77,2.0573167310645303e-76,2.197251893242196e-75,2.126957194583441e-74,1.8848934396672783e-73,1.541886631479316e-72,1.172375173009609e-71,8.33472733564451e-71,5.568434114679183e-70,3.511649616419979e-69,2.098507938053443e-68,1.1924003146533958e-67
0.012578616352201259,0.0,4.665959254414497e-87,4.20649139875652e-85,1.9102085059340586e-83,5.825649188626942e-82,1.3422881153000866e-80,2.492278161999119e-79,3.8842606667077796e-78,5.226355381869242e-77,6.197355867685858e-76,6.578908508792022e-75,6.330236809934873e-74,5.576394754296632e-73,4.53463934541278e-72,3.427665543290809e-71,2.4226042281653514e-70,1.6091664106700818e-69,1.0089583108747197e-68,5.9949288428899254e-68,3.387067843717377e-67
0.015723270440251572,0.0,1.5353606393833079e-86,1.3753022912602074e-84,6.205662893646254e-83,1.8806210528339427e-81,4.305983498349892e-80,7.94534301450032e-79,1.2306475309078663e-77,1.645708367167441e-76,1.9395823870267747e-75,2.0465508053351547e-74,1.9573764387768732e-73,1.7140056766820812e-72,1.3855566298317871e-71,1.0411684405505423e-70,7.315838545890999e-70,4.831250508319531e-69,3.0118023449170684e-68,1.779301051766418e-67,9.995828387712721e-67
0.01886792452830189,0.0,5.170892973597898e-86,4.602027174638992e-84,2.063269339780226e-82,6.2130722582320595e-81,1.413628344222806e-79,2.592110368082487e-78,3.989995811402103e-77,5.3028494309924184e-76,6.211576647932964e-75,6.514373745215195e-74,6.192986636126851e-73,5.39054415644096e-72,4.331695503838953e-71,3.235835612080076e-70,2.2603709593866712e-69,1.4840326762387907e-68,9.198068450251906e-68,5.4028592081990345e-67,3.01796816178663e-66
0.022012578616352203,0.0,1.7689157263501355e-85,1.5641227607151263e-83,6.967529356071576e-82,2.0847377897869546e-80,4.713278743138686e-79,8.5882500637072965e-78,1.3137332324151429e-76,1.7351923279164186e-75,2.0200566762453904e-74,2.1056071895777483e-73,1.9896064930713505e-72,1.7213976236386575e-71,1.3750137331507962e-70,1.0210684847258147e-69,7.090649758553532e-69,4.628135528055862e-68,2.8518963619687672e-67,1.6655331184081787e-66,9.250274861016865e-66
0.025157232704402517,0.0,6.119759358626676e-85,5.376021376480017e-83,2.379322764660359e-81,7.073455155364043e-80,1.589021883382849e-78,2.877125228400581e-77,4.373499838666604e-76,5.74060523864163e-75,6.641739297352318e-74,6.880558398262696e-73,6.461914724189877e-72,5.557025222853911e-71,4.4121936908855456e-70,3.2569252945679203e-69,2.2483461753933955e-68,1.4589018299234534e-67,8.937479073404126e-67,5.189363872501421e-66,2.8655837805332725e-65
0.02830188679245283,0.0,2.135252383046316e-84,1.8634637643317282e-82,8.193701966160675e-81,2.4201748460335174e-79,5.402000341080216e-78,9.718832650583319e-77,1.4680331070270599e-75,1.9148571131648513e-74,2.2016729285744354e-73,2.2667679595458345e-72,2.115811154186594e-71,1.808464686016816e-70,1.427229109847843e-69,1.0472193418676227e-68,7.186258563027363e-68,4.6354766820149576e-67,2.8231289676003244e-66,1.6296548644515448e-65,8.947027094680525e-65
0.031446540880503145,0.0,7.49975676809912e-84,6.50198025426898e-82,2.840230744519082e-80,8.334715048640557e-79,1.8483776697995586e-77,3.304179255075445e-76,4.959293340010172e-75,6.427996026008035e-74,7.344595955610371e-73,7.514817309960824e-72,6.97115395663986e-71,5.922078408041938e-70,4.645301318674573e-69,3.3879222956847814e-68,2.310965849058951e-67,1.4818324502306653e-66,8.971567750644044e-66,5.148549569595515e-65,2.8102061217055317e-64
0.03459119496855346,0.0,2.6482650737529615e-83,2.2806985245592807e-81,9.897058896744226e-80,2.885331125316539e-78,6.357257728788993e-77,1.1291158084452925e-75,1.6838825912413513e-74,2.1687317299594637e-73,2.462392256468457e-72,2.5037299759213625e-71,2.3082023898159473e-70,1.9487840253816162e-69,1.519300818841062e-68,1.1013450717010116e-67,7.467292193218808e-67,4.759569967639607e-66,2.8645413817183647e-65,1.634213343592686e-64,8.86784059498974e-64
0.03773584905660378,0.0,9.392422377951071e-83,8.034759505858537e-81,3.46355932910546e-79,1.0031040632524084e-77,2.195715764809763e-76,3.874562147250228e-75,5.741104010022473e-74,7.347004175921274e-73,8.289029369620273e-72,8.375231673150158e-71,7.673028410137484e-70,6.438143710338262e-69,4.988442822026663e-68,3.594089839907027e-67,2.4221038262002023e-66,1.5345499002285498e-65,9.18060874561085e-65,5.206518270510552e-64,2.808650988429743e-63
0.04088050314465409,0.0,3.343362165564252e-82,2.8408485610277586e-80,1.2164385368498086e-78,3.499681694908984e-77,7.610200733985152e-76,1.3341425078841507e-74,1.9640679750140468e-73,2.4973220927080396e-72,2.7995778319752118e-71,2.8108099092007104e-70,2.5589876083029563e-69,2.133779285107454e-68,1.6430915958480124e-67,1.1765595875209721e-66,7.880722489400199e-66,4.962750238084681e-65,2.9512135881671485e-64,1.6637334423739814e-63,8.921965461731466e-63
0.04402515723270441,0.0,1.193816984098858e-81,1.0075162232287482e-79,4.2851598842907695e-78,1.2246198385791795e-76,2.6453763310882215e-75,4.607174271151742e-74,6.738328889566523e-73,8.512467637126354e-72,9.481572948015732e-71,9.459054202486173e-70,8.557246444791009e-69,7.090648576482498e-68,5.4261227402443555e-67,3.861478978025033e-66,2.5706207330012767e-65,1.608965423637864e-64,9.510363986601458e-64,5.329323963793135e-63,2.840928197401971e-62
0.04716981132075472,0.0,4.274157331243075e-81,3.582567441845678e-79,1.513430611501377e-77,4.296088650558117e-76,9.218471126774738e-75,1.5948811829478282e-73,2.317344810053537e-72,2.908445544602173e-71,3.2186581750759146e-70,3.1904572553266133e-69,2.8679495766260123e-68,2.361440217281556e-67,1.7957883991725136e-66,1.2700317565707319e-65,8.402622365920975e-65,5.2270883464540964e-64,3.070907213880702e-63,1.7104801034811417e-62,9.0636311853953e-62
0.050314465408805034,0.0,1.5338014657773417e-80,1.276798119629114e-78,5.357022835929342e-77,1.510396489414878e-75,3.2192650142099514e-74,5.532600821054172e-73,7.985785552267704e-72,9.95718207894837e-71,1.0947657102293117e-69,1.0781820943268635e-68,9.629979021525458e-68,7.878925188187177e-67,5.953915726289879e-66,4.184472094500479e-65,2.7513152734779632e-64,1.701004213176109e-63,9.932365084607588e-63,5.498758105301519e-62,2.8962055713277617e-61
0.05345911949685535,0.0,5.51530372059805e-80,4.559435485627351e-78,1.899875472878989e-76,5.320217128989233e-75,1.1263037772362269e-73,1.922701924161408e-72,2.756812318773929e-71,3.4147254506425726e-70,3.729863209436202e-69,3.649543481163725e-68,3.238683862874783e-67,2.6328663556501915e-66,1.9769911821870998e-65,1.380715773546439e-64,9.021663960206449e-64,5.543132231315483e-63,3.2168198870961305e-62,1.770041068020633e-61,9.266441479209376e-61
0.05660377358490566,0.0,1.986775514817237e-79,1.631015295682242e-77,6.74938607931368e-76,1.8770893986432415e-74,3.946858927540215e-73,6.69225071178399e-72,9.531364057360672e-71,1.172774268886541e-69,1.2725803671645929e-68,1.237049755219202e-67,1.0906762861911098e-66,8.809615218717812e-66,6.572877598665149e-65,4.561413236005014e-64,2.961743819268089e-63,1.8084352066693895e-62,1.042995072340535e-61,5.7038402267951126e-61,2.9678774977206066e-60
0.059748427672955975,0.0,7.168389633472881e-79,5.8435553699290685e-77,2.4013455438072594e-75,6.632407927598618e-74,1.385026546342792e-72,2.332507034452411e-71,3.2996953484952534e-70,4.0329675242619286e-69,4.347206134958164e-68,4.198071621614591e-67,3.677213842735336e-66,2.950955879377657e-65,2.1875916128281915e-64,1.508471019441817e-63,9.732705142936802e-63,5.9055314626064415e-62,3.3847722360401006e-61,1.8396138618979505e-60,9.513452694180657e-60
0.06289308176100629,0.0,2.5900944023064457e-78,2.0965049974370102e-76,8.555067312267496e-75,2.3464700558586064e-73,4.866330204871711e-72,8.139364756658063e-71,1.1436405805225771e-69,1.3883929783383406e-68,1.486597566235112e-67,1.4261059183371752e-66,1.2409736701322156e-65,9.89397624428119e-65,7.287210730107384e-64,4.992765792338421e-63,3.2008763449489646e-62,1.9299548303331854e-61,1.09923845379956e-60,5.937241095831022e-60,3.0514955084649296e-59
0.0660377358490566,0.0,9.37063999830937e-78,7.530996029164173e-76,3.0514654250768284e-74,8.311011434672716e-73,1.7116671109217275e-71,2.8432289696116695e-70,3.9677006937908643e-69,4.784250551477347e-68,5.0882792729009026e-67,4.848739980874177e-66,4.191433425967349e-65,3.319837254185314e-64,2.429270937500126e-63,1.6536630639227832e-62,1.0533875772027891e-61,6.311054218223242e-61,3.571938011914038e-60,1.9172354161984694e-59,9.79272450962115e-59
0.06918238993710692,0.0,3.3941401906060214e-77,2.708280147392726e-75,1.0895728827996018e-73,2.9466874687854774e-72,6.026390230909258e-71,9.94105791567691e-70,1.3777400063846981e-68,1.6499635747645058e-67,1.742960892192605e-66,1.6497789652751543e-65,1.4166521526107589e-64,1.1146655594144941e-63,8.103151483194891e-63,5.480220842257954e-62,3.4684450120076986e-61,2.0647449974158887e-60,1.1612035844217533e-59,6.193578522873772e-59,3.1437866109654558e-58
0.07232704402515723,0.0,1.2306979958471622e-76,9.749299459363028e-75,3.894221195997898e-73,1.045704515407772e-71,2.1235793014743024e-70,3.4786088494941535e-69,4.787702417799616e-68,5.694373435108226e-67,5.97441608696182e-66,5.616865900578376e-65,4.790887138082289e-64,3.7445996127698855e-63,2.704246339879684e-62,1.816958328236989e-61,1.1425078617680377e-60,6.757575177504672e-60,3.776202360891482e-59,2.0013961799360207e-58,1.0095105415864619e-57
0.07547169811320756,0.0,4.4667808259415046e-76,3.512786843800722e-74,1.3930317882222143e-72,3.7139655245546985e-71,7.488795382786096e-70,1.2181183195464997e-68,1.6648568879789632e-67,1.966467441128989e-66,2.049048373038634e-65,1.9133362812443346e-64,1.6209812147433786e-63,1.2585086926481368e-62,9.02837502665315e-62,6.0262099745594314e-61,3.7645894216485484e-60,2.2122354295118865e-59,1.2282885519101498e-58,6.46852548177351e-58,3.242144087166195e-57
0.07861635220125787,0.0,1.622648284331034e-75,1.2667577732194724e-73,4.987030424178787e-72,1.320033363846873e-70,2.6427224677436255e-69,4.2682298012742575e-68,5.792683562189215e-67,6.794535508030044e-66,7.0310561333877185e-65,6.520485387726466e-64,5.486703509801776e-63,4.2311552037780625e-62,3.0151269445346117e-61,1.9992049274909633e-60,1.2407126395858902e-59,7.243503771502478e-59,3.995806666702454e-58,2.0908302252302744e-57,1.041304255978516e-56
0.08176100628930819,0.0,5.899430170289836e-75,4.57159471596692e-73,1.78662012721763e-71,4.694814191970258e-70,9.3315813422465e-69,1.4964018199489138e-67,2.0165231432612193e-66,2.348724374078701e-65,2.413611197692856e-64,2.2229332200647944e-63,1.8577304543248518e-62,1.4229169721029651e-61,1.0071635167387602e-60,6.633604521918658e-60,4.0896408138967045e-59,2.3719628858401476e-58,1.299966547003303e-57,6.75830823866349e-57,3.3443454523582536e-56
0.0849056603773585,0.0,2.146468322575566e-74,1.650998608495554e-72,6.404773467431213e-71,1.6707449909397743e-69,3.2968144354179736e-68,5.248823021523232e-67,7.022923985088873e-66,8.12220875818706e-65,8.288247254560528e-64,7.580550360431855e-63,6.291602663500889e-62,4.786162493740134e-61,3.3648203864668926e-60,2.201354243584326e-59,1.348118697882789e-58,7.767429684840911e-58,4.229136325463442e-57,2.1843935832164203e-56,1.0739905771341677e-55
0.08805031446540881,0.0,7.815260858164955e-74,5.966312545396689e-72,2.2973744522892682e-70,5.948876570275286e-69,1.165316155937721e-67,1.8418871333782535e-66,2.4467966338879257e-65,2.8096973476021572e-64,2.846950490494473e-63,2.5856860212017945e-62,2.131178698844747e-61,1.6101077160825897e-60,1.1242512299768727e-59,7.305504179938521e-59,4.4439754635957624e-58,2.5434799195202823e-57,1.37573266512419e-56,7.05940796387454e-56,3.448389026529392e-55
0.09119496855345913,0.0,2.847380123209211e-73,2.1573650139777186e-71,8.245062168481577e-70,2.119191004326979e-68,4.120785615166661e-67,6.465887307695065e-66,8.527451491019532e-65,9.722193240354106e-64,9.781256934455296e-63,8.821185913060915e-62,7.219939463259392e-61,5.416975502526469e-60,3.756462005458296e-59,2.4244020617972734e-58,1.464838545536851e-57,8.327883032639651e-57,4.474585408094989e-56,2.2809903777330408e-55,1.1069590121454796e-54
0.09433962264150944,0.0,1.0380326500960381e-72,7.80512464889787e-71,2.960534256953647e-69,7.552576213598627e-68,1.4577479281486048e-66,2.270576359835705e-65,2.9727652718610626e-64,3.3648557469534316e-63,3.3611262363733097e-62,3.0097599882673892e-61,2.4461305065756993e-60,1.8225113426022986e-59,1.255120646291678e-58,8.045067923292848e-58,4.8279038728198924e-57,2.726290585450494e-56,1.4550690224979793e-55,7.368376646954607e-55,3.552397031671744e-54
0.09748427672955975,0.0,3.7863670970734184e-72,2.8252494179277195e-70,1.0635111302749514e-68,2.6927213932521955e-67,5.158602528996547e-66,7.9756791297208e-65,1.0365788388087469e-63,1.1647861526457242e-62,1.155128020257705e-61,1.0269986632342915e-60,8.287760479419691e-60,6.131600678933314e-59,4.193352119803676e-58,2.669338609704038e-57,1.5909488242601276e-56,8.923158841607542e-56,4.730465739100879e-55,2.379526784783526e-54,1.1396280006623333e-53
0.10062893081761007,0.0,1.3818623444254237e-71,1.0231476542319803e-69,3.822022378634143e-68,9.603777424797439e-67,1.8260456519699995e-65,2.80223898660347e-64,3.615150884139159e-63,4.032600228569895e-62,3.970195586282766e-61,3.504467611700985e-60,2.807934568370674e-59,2.0627574684578416e-58,1.400834114288558e-57,8.855362699920181e-57,5.241578812794768e-56,2.9198017381885974e-55,1.5374208487756056e-54,7.681721985430448e-54,3.654558544284236e-53
0.10377358490566038,0.0,5.045717153086339e-71,3.70688991673346e-69,1.3740690151265321e-67,3.426349249835584e-66,6.46554694578644e-65,9.847645061970537e-64,1.2610035752016174e-62,1.3962605063342176e-61,1.3646237664552864e-60,1.1958337715265472e-59,9.512860294974697e-59,6.938649750370731e-58,4.678893073648723e-57,2.9371017833272775e-56,1.7264630531195678e-55,9.551180010950039e-55,4.994943652404927e-54,2.4788824091312406e-53,1.1714313145920848e-52
0.1069182389937107,0.0,1.8432492278680705e-70,1.3435613296100482e-68,4.941674932351025e-67,1.2227729679481381e-65,2.289804390280566e-64,3.4612610358055793e-63,4.399027542065491e-62,4.8347539076684574e-61,4.6904789113271437e-60,4.080372593360157e-59,3.222500019432777e-58,2.3336583493518398e-57,1.562475729160016e-56,9.739216439147377e-56,5.68491333205327e-55,3.123284027320651e-54,1.62217971162116e-53,7.995837104877443e-53,3.7530978911397716e-52
0.11006289308176101,0.0,6.736532147728493e-70,4.871575495132242e-68,1.7777774841737452e-66,4.3648727001996626e-65,8.111057497906587e-64,1.216738356570295e-62,1.53473458078299e-61,1.6741498628558967e-60,1.612165896235795e-59,1.3921748788639277e-58,1.0914825678028628e-57,7.847280345765557e-57,5.216520875586793e-56,3.228530366066703e-55,1.871306670916826e-54,1.0209385320572554e-53,5.265995560397294e-53,2.5778934296922557e-52,1.2018110381551545e-51
0.11320754716981132,0.0,2.463026127395285e-69,1.7669905261694132e-67,6.397444341375346e-66,1.5584639675437792e-64,2.873624638886258e-63,4.277677284596417e-62,5.3546714577658505e-61,5.797125238405726e-60,5.540852069149062e-59,4.7493959800232904e-58,3.6963072364608606e-57,2.6381873702249156e-56,1.7411284224045333e-55,1.0699067779210726e-54,6.157504109671651e-54,3.335839551213424e-53,1.708671828804455e-52,8.306961797551917e-52,3.846260322949642e-51
0.11635220125786164,0.0,9.008904772692991e-69,6.411231270116762e-67,2.3027706411844052e-65,5.5655761234168554e-64,1.0182265122001684e-62,1.5040239603037074e-61,1.8682839997477683e-60,2.007320014925983e-59,1.9041646130939573e-58,1.6200188101803466e-57,1.2515057081893164e-56,8.867117814264978e-56,5.809627938012053e-55,3.544315444430796e-54,2.0252933497680001e-53,1.0894635727993966e-52,5.541377638542593e-52,2.675344355950275e-51,1.230215150936973e-50
0.11949685534591195,0.0,3.2963715834921635e-68,2.3269202184804613e-66,8.290865178641072e-65,1.9879304547586394e-63,3.6083584260668707e-62,5.288422092518687e-61,6.518561702126158e-60,6.950148002123757e-59,6.543062778975811e-58,5.52492029184449e-57,4.236409798537606e-56,2.9794506535826203e-55,1.93784781420325e-54,1.1736808337441213e-53,6.658557969783653e-53,3.556374714946916e-52,1.7961503983623674e-51,8.611167746466461e-51,3.932310119273806e-50
0.12264150943396226,0.0,1.2065715379050957e-67,8.447835874365853e-66,2.985689695727129e-64,7.101664520547899e-63,1.2788382830840045e-61,1.8595653815225812e-60,2.274303677084879e-59,2.406210243922218e-58,2.247990867622707e-57,1.8838403118517564e-56,1.4336756816546619e-55,1.0008152460693966e-54,6.461474445675144e-54,3.884949083795642e-53,2.1881021549487227e-52,1.1603136015030705e-51,5.818607231544353e-51,2.7699665882203036e-50,1.256098510200716e-49
0.12578616352201258,0.0,4.4178905068435736e-67,3.067786263276681e-65,1.0754157731483178e-63,2.537335196268815e-62,4.53265495248475e-61,6.538840447468658e-60,7.934552929232839e-59,8.329603319014288e-58,7.722067917613415e-57,6.421886846132456e-56,4.8504241507217354e-55,3.360650034533763e-54,2.153632167098349e-53,1.2853615574090604e-52,7.186820892961771e-52,3.7835777718397604e-51,1.8837914257622624e-50,8.90436337203668e-50,4.009538090057878e-49
0.1289308176100629,0.0,1.6181343064649258e-66,1.1143270845231685e-64,3.874243191941388e-63,9.066624470138398e-62,1.6066145068618397e-60,2.2992408204482847e-59,2.7679858815236102e-58,2.883075092032129e-57,2.652085801438077e-56,2.188621091870745e-55,1.6404872560192774e-54,1.1280606844708496e-53,7.175086594967336e-53,4.25066992426334e-52,2.359255518703522e-51,1.2330371157456574e-50,6.0949548988293845e-50,2.8604427196885665e-49,1.2789264541211128e-48
0.1320754716981132,0.0,5.928505714470256e-66,4.048564342796614e-64,1.3959453855722747e-62,3.240077235093912e-61,5.694873761573287e-60,8.084507545287354e-59,9.655242923899185e-58,9.977427505269994e-57,9.106386988269068e-56,7.456880525758567e-55,5.546503243312295e-54,3.785035758794425e-53,2.3893879814462566e-52,1.4049775953935066e-51,7.740509898338314e-51,4.015901107293225e-50,1.970692841216919e-49,9.18231568444989e-49,4.07627643706017e-48
0.13522012578616352,0.0,2.172705026642869e-65,1.471239759598517e-63,5.030530977958906e-62,1.1579754280957277e-60,2.0186533146766995e-59,2.842493242914509e-58,3.367529396168883e-57,3.4522536886183e-56,3.126074322084624e-55,2.5398738462711176e-54,1.8745983926700225e-53,1.2694768091451908e-52,7.95314054324278e-52,4.641405829466208e-51,2.5380982764183257e-50,1.3071058256045087e-49,6.3674467670331914e-49,2.9454159236706195e-48,1.298180480579164e-47
0.13836477987421383,0.0,7.964808988157181e-65,5.347534595686427e-63,1.813077064089815e-61,4.1387601701229595e-60,7.155447612822763e-59,9.993412522199338e-58,1.1743558971688423e-56,1.1942607807666684e-55,1.0728464969396956e-54,8.64819507940929e-54,6.333290097464192e-53,4.255847354513343e-52,2.6458909575750932e-51,1.5324499501602415e-50,8.3172489446900205e-50,4.2515486965666616e-49,2.0558768773083212e-48,9.440687450028281e-48,4.13091947696757e-47
0.14150943396226415,0.0,2.920543258639254e-64,1.9440416670529064e-62,6.535356552836152e-61,1.4793166889291097e-59,2.5363071948609778e-58,3.5130858775578677e-57,4.094678678959678e-56,4.1304668935928774e-55,3.6808802773025964e-54,2.943658880841133e-53,2.1388118759581784e-52,1.4260780490134034e-51,8.797831496262493e-51,5.0567141411559475e-50,2.723778230917013e-49,1.3819115817983412e-48,6.63287726554827e-48,3.0235039738288746e-47,1.313365578476638e-46
0.14465408805031446,0.0,1.0711753605537317e-63,7.068605891774996e-62,2.3559538335828757e-60,5.287682760266305e-59,8.98979391869852e-58,1.234856977234953e-56,1.4274587563824782e-55,1.4282165413462214e-54,1.262503519193684e-53,1.0015870705893046e-52,7.219846920929151e-52,4.7762412504871786e-51,2.923742242411434e-50,1.667572813930195e-49,8.914010617355974e-49,4.488469409282334e-48,2.1382957672958895e-47,9.675088404861575e-47,4.171948997836404e-46
0.14779874213836477,0.0,3.9297186236427344e-63,2.57059068852806e-61,8.493817209178637e-60,1.890064431668128e-58,3.186204018143294e-57,4.340003919314445e-56,4.975343817841567e-55,4.9371415332672005e-54,4.328839802220142e-53,3.4065904919371394e-52,2.4360484836850735e-51,1.5988394121950338e-50,9.710728004926534e-50,5.495720496273698e-49,2.915228888448454e-48,1.4567652781003203e-47,6.887832504134185e-47,3.0933175233730866e-46,1.324018845198428e-45
0.15094339622641512,0.0,1.4419887801828684e-62,9.34970841817078e-61,3.0624720833311853e-59,6.755985539417628e-58,1.129189309665271e-56,1.5251129429134335e-55,1.7337671496072914e-54,1.7062221473909838e-53,1.4837469783684902e-52,1.1581694203760373e-51,8.215555112212634e-51,5.349203892591718e-50,3.223320095296619e-49,1.8099941470322746e-48,9.527065881620824e-48,4.724356980082698e-47,2.2168408547972345e-46,9.881139352291583e-46,4.1979631293047166e-45
0.15408805031446543,0.0,5.292461687609405e-62,3.4011395455258517e-60,1.1042544329867234e-58,2.414881513688637e-57,4.0015002849747917e-56,5.3585263754782235e-55,6.040308665972483e-54,5.894759660274377e-53,5.0838083385170035e-52,3.935829788660599e-51,2.769310188888607e-50,1.7886665947776547e-49,1.069261227917679e-48,5.957057568044251e-48,3.1111551584623613e-47,1.530898000964787e-46,7.128724571703016e-46,3.1534822644522154e-45,1.3297190409962273e-44
0.15723270440251574,0.0,1.9428760805638717e-61,1.2373928122721881e-59,3.9818863576108685e-58,8.63161957657462e-57,1.4178674751177869e-55,1.8824066784095327e-54,2.103879661938447e-53,2.0359136984090396e-52,1.7412101526408068e-51,1.336915040573474e-50,9.329981294425236e-50,5.977449372846748e-49,3.544727358570946e-48,1.9591964961130783e-47,1.0151944610611333e-46,4.9566575340285374e-46,2.2903551906266884e-45,1.0054547867364804e-44,4.207707619202821e-44
0.16037735849056606,0.0,7.133790825025675e-61,4.502390955339728e-59,1.4359072184650289e-57,3.085123994089098e-56,5.023415110299576e-55,6.611494542368198e-54,7.326033704855064e-53,7.029228998278496e-52,5.961255561835357e-51,4.539060137187738e-50,3.14163184083308e-49,1.996361077618533e-48,1.174330818119217e-47,6.438805503324215e-47,3.3100229309581015e-46,1.6034647098121844e-45,7.351836927498852e-45,3.2026645271854786e-44,1.3300967248404008e-43
0.16352201257861637,0.0,2.6198721491864805e-60,1.638427439229464e-58,5.178178233320319e-57,1.102634319952372e-55,1.7795378450212554e-54,2.321653823319434e-53,2.5503286872373886e-52,2.4260710996547448e-51,2.040049667574835e-50,1.5403312024959243e-49,1.0572704463154207e-48,6.663300954701336e-48,3.887735408850111e-47,2.1144786779642723e-46,1.0783409935925006e-45,5.182585553230389e-45,2.3576496408387805e-44,1.0191194067853864e-43,4.200108366035205e-43
0.16666666666666669,0.0,9.623234025824484e-60,5.962875129860968e-58,1.867394873044288e-56,3.940612832502974e-55,6.303102170805693e-54,8.150805944023047e-53,8.87555867995614e-52,8.370268457612901e-51,6.978341000087505e-50,5.2244409086861286e-49,3.5560197839678076e-48,2.2225800893842636e-47,1.286149954363331e-46,6.9384362410117365e-46,3.510053537573534e-45,1.6735507196047154e-44,7.553380840656741e-44,3.239599776572811e-43,1.324844597466938e-42
0.169811320754717,0.0,3.535413092534013e-59,2.1703259914988976e-57,6.734408854643987e-56,1.408200080204786e-54,2.2322085106518955e-53,2.8608998165237578e-52,3.08788201841843e-51,2.8867413562419326e-50,2.385965340122233e-49,1.7710653497499546e-48,1.195309947365449e-47,7.408556375081968e-47,4.251725596727783e-46,2.2749390843078645e-45,1.1415449708800976e-44,5.39914909824019e-44,2.4175224467391165e-43,1.0287224545221263e-42,4.17430398706625e-42
0.1729559748427673,0.0,1.2990760294262484e-58,7.900078270968746e-57,2.428637388745323e-55,5.0318579108136883e-54,7.903926623176211e-53,1.0039164470802158e-51,1.0739507679878078e-50,9.951799749860078e-50,8.153961487701174e-49,6.000534744381763e-48,4.0153759570299483e-47,2.4677914936694483e-46,1.4044542572305457e-45,7.452764299710756e-45,3.7092241600112193e-44,1.740181222817203e-43,7.729562525780226e-43,3.2631233381086325e-42,1.3137276537685203e-41
0.17610062893081763,0.0,4.774210131449923e-58,2.8758851000396277e-56,8.758335979989869e-55,1.7978396330140895e-53,2.7981647564660383e-52,3.521917619437599e-51,3.7338768674122053e-50,3.429361973865268e-49,2.785209505513357e-48,2.0318773019161609e-47,1.3480072496201107e-46,8.214337447183056e-46,4.635629554240682e-45,2.4394614870418987e-44,1.2041288477109737e-43,5.60318495158714e-43,2.4687820668594793e-42,1.033915211823332e-41,4.1296771272203323e-41
0.17924528301886794,0.0,1.7548438037173208e-57,1.0469888436908184e-55,3.1584369027887873e-54,6.422843849246807e-53,9.904224806774764e-52,1.2352118613650987e-50,1.2977195843041056e-49,1.181233260903127e-48,9.508759799686179e-48,6.876203153144965e-47,4.522406191885848e-46,2.7322238865376947e-45,1.5288277324740346e-44,7.97790699962628e-44,3.905275264133299e-43,1.802334029770665e-42,7.876660233100475e-42,3.272202540710107e-41,1.2965927245260255e-40
0.18238993710691825,0.0,6.451236039288917e-57,3.8118846533875684e-55,1.1389654078027685e-53,2.294314440761107e-52,3.504928462579155e-51,4.330901614762671e-50,4.5085853457506166e-49,4.0668798733631296e-48,3.244582156656184e-47,2.325600588080784e-46,1.5161744805359074e-45,9.080925292863993e-45,5.037870155129425e-44,2.606704335745449e-43,1.2653423352017707e-42,5.791404128635095e-42,2.5102729966407356e-41,1.034395861177087e-40,4.065883152513922e-40
0.18553459119496857,0.0,2.3719886511922544e-56,1.387910656509505e-54,4.107075769192238e-53,8.194511435573325e-52,1.2400636222944692e-50,1.518041968417522e-49,1.5657831990905966e-48,1.3995326873264768e-47,1.1065081883464768e-46,7.860464976764848e-46,5.0795117263111115e-45,3.0158124721364973e-44,1.658684458181852e-43,8.509257410600806e-43,4.0957261011120874e-42,1.85895562374559e-41,7.991110095429132e-41,3.265969319487912e-40,1.2733769719418562e-39
0.18867924528301888,0.0,8.722586550650054e-56,5.053640190069593e-54,1.4809314196402113e-52,2.926396615145002e-51,4.386414075211588e-50,5.3192675747510246e-49,5.435608633259721e-48,4.813859758278093e-47,3.771407603766626e-46,2.6550911575066706e-45,1.7005082414399908e-44,1.0007583509274535e-43,5.4563053424351934e-43,2.7750946314517514e-42,1.3243686928459979e-41,5.960447900835844e-41,2.5409041084921836e-40,1.0299197408413942e-39,3.982874838533666e-39
0.1918238993710692,0.0,3.208033399885553e-55,1.8402009153603966e-53,5.339658622185207e-52,1.0449097471608202e-50,1.5512109552034346e-49,1.8632730200739456e-48,1.8861804879816664e-47,1.6549509638885934e-46,1.2846868118223664e-45,8.962312155323905e-45,5.688663380832225e-44,3.3181416199886564e-43,1.7932515808159002e-42,9.041473566681966e-42,4.277899218982771e-41,1.908980520082273e-40,8.069599026928507e-40,3.2437521820547563e-39,1.2441148990203265e-38
0.1949685534591195,0.0,1.1800255143014905e-54,6.701027980836864e-53,1.9251504046057094e-51,3.730399642648199e-50,5.4843152908505435e-49,6.524567704085038e-48,6.542294658712341e-47,5.686574151542445e-46,4.373487733679643e-45,3.023161718491578e-44,1.901547069658997e-43,1.099237272250725e-42,5.888177475804509e-42,2.94282752300612e-41,1.380334000604802e-40,6.106954099057389e-40,2.559678888825838e-39,1.0203092106434436e-38,3.880921672824409e-38
0.19811320754716982,0.0,4.3411115163836956e-54,2.4402262877944437e-52,6.940405161751187e-51,1.3315530055211497e-49,1.9384696855839256e-48,2.2838708515113255e-47,2.2682032074776703e-46,1.9529119841152792e-45,1.4879462073498642e-44,1.0190477370837803e-43,6.351258450857001e-43,3.6383853970773093e-42,1.9315545270718296e-41,9.568487624377401e-41,4.4489547598031335e-40,1.9513537873321847e-39,8.109162431345014e-39,3.205106322044389e-38,1.2089434434302777e-37
0.20125786163522014,0.0,1.5972235713808717e-53,8.886454701095912e-52,2.501902410145168e-50,4.752078640963046e-49,6.849760455070406e-48,7.991527986237145e-47,7.860170994089273e-46,6.703065336981286e-45,5.059026348327427e-44,3.4325000514118943e-43,2.1196235323696898e-42,1.2031961292552348e-41,6.330071275788888e-41,3.107872793596111e-40,1.4323196205033064e-39,6.227633014255761e-39,2.5657267768846843e-38,1.0054627282126757e-37,3.760622451224619e-37
0.20440251572327045,0.0,5.877382868820208e-53,3.2361903349440494e-51,9.018155367189822e-50,1.6956116299912437e-48,2.419726188854787e-47,2.795248838497286e-46,2.72253392921078e-45,2.2994045958868093e-44,1.718931843947048e-43,1.1553148624061684e-42,7.067961153470256e-42,3.975247805982111e-41,2.0724054677067504e-40,1.0083538629971619e-39,4.605935071742995e-39,1.985056435514004e-38,8.107283935319219e-38,3.149840574223034e-37,1.1681047552930187e-36
0.20754716981132076,0.0,2.1629880361483754e-52,1.1785392774634885e-50,3.2502989861340152e-49,6.048982143077842e-48,8.545278185134169e-47,9.773212093317215e-46,9.425380699038307e-45,7.883167217445431e-44,5.836518537427244e-43,3.885569855848186e-42,2.35481136621408e-41,1.3121438385682972e-40,6.7778838270265225e-40,3.267989373240785e-39,1.479377966468057e-38,6.319351698385889e-38,2.558334641570753e-37,9.853627134857731e-37,3.622909971107795e-36
0.21069182389937108,0.0,7.961126919060697e-52,4.291963029325337e-50,1.1713417474508428e-48,2.157480566777603e-47,3.0168238533973673e-46,3.41565604959414e-45,3.26138240389698e-44,2.700981516101632e-43,1.9803590332524504e-42,1.305762669968793e-41,7.838528460999756e-41,4.326904937265958e-40,2.2143961808598807e-39,1.0579232362147666e-38,4.745819836594933e-38,2.0091332053845134e-37,8.061993846270197e-37,3.0780398589623225e-36,1.1219463077518045e-35
0.2138364779874214,0.0,2.930513842175054e-51,1.563029791826432e-49,4.220803249943134e-48,7.69335301462626e-47,1.0647117482688804e-45,1.1932311585509306e-44,1.127910392075108e-43,9.2484726711041e-43,6.714598653226912e-42,4.384493055138368e-41,2.6068684243981555e-40,1.4254137182573694e-39,7.226810412829921e-39,3.420748915822882e-38,1.5205515837635759e-37,6.379224904882308e-37,2.536977277460342e-36,9.60081772702162e-36,3.4690468151715814e-35
0.2169811320754717,0.0,1.0788482829995459e-50,5.692137847091622e-49,1.5207374344591056e-47,2.7427364645759624e-46,3.756358228684491e-45,4.1666045611685696e-44,3.8986140118391145e-43,3.1647384275568675e-42,2.2749575261307748e-41,1.470992289914006e-40,8.661624361010676e-40,4.690951744284282e-39,2.355896544343728e-38,1.1047631291130296e-37,4.865591499813136e-37,2.0227221090212785e-36,7.971962579363247e-36,2.990081771323511e-35,1.0709180605601141e-34
0.22012578616352202,0.0,3.9721255913396475e-50,2.0728981093598956e-48,5.478447025174014e-47,9.775693725782455e-46,1.324796804562302e-44,1.4542555582028276e-43,1.3467942044396818e-42,1.0822229418896585e-41,7.701840283190343e-41,4.930913027038089e-40,2.8751766090098005e-39,1.5421477582467827e-38,7.671350150800284e-38,3.563569304827188e-37,1.5548953955656474e-36,6.404710316469292e-36,2.50134567153194e-35,9.297868652659611e-35,3.3006114802921902e-34
0.22327044025157233,0.0,1.4626157893812678e-49,7.548704784368664e-48,1.9733369310639835e-46,3.48338572428659e-45,4.670605931767648e-44,5.073332455536033e-43,4.649861874718845e-42,3.6982674739148316e-41,2.6053998944627627e-40,1.651429647084565e-39,9.534627004109881e-39,5.064356648875635e-38,2.4950599255526076e-37,1.1480377009287437e-36,4.962310295482395e-36,2.0250848836958603e-35,7.836584943063363e-35,2.886646041723949e-34,1.0155664903953865e-33
0.22641509433962265,0.0,5.386181414423014e-49,2.7488840978034937e-47,7.106929294858613e-46,1.2409130677875608e-44,1.6460125850553996e-43,1.7690224010869872e-42,1.6044234013787185e-41,1.262914481798012e-40,8.806501755155665e-40,5.52583898869067e-39,3.1586804482278374e-38,1.6612839311707005e-37,8.10533543805357e-37,3.6937586900502145e-36,1.581501805879801e-35,6.393705116444098e-35,2.4513717005106707e-34,8.947410306904756e-34,3.1194744351965846e-33
0.22955974842767296,0.0,1.983690562795062e-48,1.0009848233047555e-46,2.5591522247523965e-45,4.4193889943763734e-44,5.798601120419994e-43,6.165295683929254e-42,5.53261174402816e-41,4.309578560107276e-40,2.974211723270466e-39,1.847273394451003e-38,1.0453434821059103e-37,5.4434276565013376e-37,2.6298367193043952e-36,1.1868846512059593e-35,5.033197591890433e-35,2.0156373379053216e-34,7.6560509586236075e-34,2.76871573911587e-33,9.565254158347238e-33
0.23270440251572327,0.0,7.306475870854221e-48,3.644879833667926e-46,9.213825560742935e-45,1.5734733253697085e-43,2.041914534116847e-42,2.147573634765487e-41,1.906626606037204e-40,1.469507752778732e-39,1.0036211271743413e-38,6.169472767549833e-38,3.4558265180206574e-37,1.7815477739521192e-36,8.521989047504411e-36,3.808570300726097e-35,1.5995281592100955e-34,6.344640402553635e-34,2.3872478781371917e-33,8.553023504396451e-33,2.9277640816042925e-32
0.2358490566037736,0.0,2.6914229506153854e-47,1.3271535687941328e-45,3.316728495518121e-44,5.6005147660449084e-43,7.187371519305152e-42,7.476677548962239e-41,6.566245942272862e-40,5.006981130477137e-39,3.38366189814375e-38,2.058437616454012e-37,1.141227947360894e-36,5.823794060564043e-36,2.75799719267692e-35,1.2204342424836641e-34,5.0757256611009385e-34,1.9939784024673742e-33,7.431398856164993e-33,2.637569308684585e-32,8.94503676980483e-32
0.2389937106918239,0.0,9.915048786127819e-47,4.832133993096793e-45,1.1937192885339553e-43,1.9927965009531176e-42,2.5288011396194403e-41,2.6015271783207137e-40,2.2598326523088825e-39,1.704659187873873e-38,1.1397586885908622e-37,6.8610204609464706e-37,3.764506490869245e-36,1.9014495809336455e-35,8.914012294583466e-35,3.9052678255978395e-34,1.6082258545617064e-33,6.256569460787614e-33,2.309440794564663e-32,8.119199017698533e-32,2.7278230340896438e-31
0.24213836477987422,0.0,3.652966128558486e-46,1.7592767326607358e-44,4.2954936873788625e-43,7.088581594070796e-42,8.893342512032192e-41,9.046898833093735e-40,7.77202943964168e-39,5.798918516649015e-38,3.835631729651145e-37,2.2844903278634333e-36,1.2403555388780038e-35,6.200408100804259e-35,2.8771646165408095e-34,1.2478315679556251e-33,5.087711322632788e-33,1.9599165644196362e-32,7.164546076204903e-32,2.494762835043908e-31,8.30269874957589e-31
0.24528301886792453,0.0,1.3459636761559565e-45,6.404781459968508e-44,1.5453921993542318e-42,2.520646576831405e-41,3.1261849969343565e-40,3.144235632898709e-39,2.671054685157581e-38,1.971034930378251e-37,1.289578833969429e-36,7.598493038808068e-36,4.08200719639291e-35,2.0192886148823817e-34,9.273706970583481e-34,3.981200600140743e-33,1.606970203618706e-32,6.129245555090515e-32,2.218696987409759e-31,7.651265671403175e-31,2.5221556068496104e-30
0.24842767295597484,0.0,4.959718121182702e-45,2.3315621063876826e-43,5.558725269667426e-42,8.960154949723585e-41,1.0983912085526903e-39,1.092110435240748e-38,9.173017667248849e-38,6.693746627671736e-37,4.33146235636352e-36,2.5245893289258625e-35,1.3417677523983177e-34,6.567571055254144e-34,2.9848593823626202e-33,1.2682617264072054e-32,5.067410260107073e-32,1.913492271894947e-31,6.858294541389902e-31,2.3421022945256735e-30,7.646345285967991e-30
0.25157232704402516,0.0,1.8277454117901848e-44,8.487107579703316e-43,1.999026740730945e-41,3.1839382454976685e-40,3.8573173769151184e-39,3.7909326800692554e-38,3.1478458551052597e-37,2.2712310748084897e-36,1.4534000442287405e-35,8.37850177370406e-35,4.4049716668172235e-34,2.133165744367206e-33,9.59313267557506e-33,4.033887205597827e-32,1.5952899220824797e-31,5.963184695850572e-31,2.1160401639754356e-30,7.155286911713445e-30,2.313367878313516e-29
0.25471698113207547,0.0,6.736100975585043e-44,3.0891569760924e-42,7.187284745376354e-41,1.1309770083587409e-39,1.3539190688161996e-38,1.3150592742846885e-37,1.0793862019944535e-36,7.699448830121069e-36,4.871780858318801e-35,2.7774175975982032e-34,1.4442980796436069e-33,6.918988128753241e-33,3.0785544094193924e-32,1.2809773543635063e-31,5.013608202024575e-31,1.8549948693041803e-30,6.516307169120841e-30,2.1816059964167967e-29,6.98430156705544e-29
0.2578616352201258,0.0,2.4827604122946188e-43,1.12430793589199e-41,2.583508060877654e-40,4.015848058184146e-39,4.74976259745768e-38,4.55885503092416e-37,3.698218424187766e-36,2.6076725021079875e-35,1.6312851306990446e-34,9.196056464316836e-34,4.72937566906552e-33,2.2410058351280847e-32,9.864299754354175e-32,4.061105382922664e-31,1.5728949635578118e-30,5.759708872201525e-30,2.0027589611261122e-29,6.637927233486835e-29,2.104102170119198e-28
0.2610062893081761,0.0,9.15152690774816e-43,4.091598826814576e-41,9.284302611034229e-40,1.425375549010138e-38,1.6653887434880976e-37,1.5793145420583357e-36,1.2660485382104037e-35,8.823279498452865e-35,5.456306837125528e-34,3.0411210920030517e-33,1.5465676124052633e-32,7.247856090046179e-32,3.155741636340046e-31,1.2853277363723696e-30,4.925704642753683e-30,1.7849726684287078e-29,6.143053577604654e-29,2.0154578966601243e-28,6.324899353048106e-28
0.2641509433962264,0.0,3.3735259412190844e-42,1.4888834058613634e-40,3.335638070389946e-39,5.05712733840716e-38,5.8360137639663775e-37,5.467324040388117e-36,4.3305169927104943e-35,2.982488115861611e-34,1.8229773527620968e-33,1.0044376696953037e-32,5.050524638090331e-32,2.3405910390638184e-31,1.007939623633427e-30,4.060985426626184e-30,1.5397012635556676e-29,5.520965513443161e-29,1.8803847823446942e-28,6.106291425673273e-28,1.8969681951590088e-27
0.2672955974842767,0.0,1.2436710850987136e-41,5.417333461401185e-40,1.1981033587370302e-38,1.7934731136655617e-37,2.0439306490293315e-36,1.891319780604819e-35,1.4799596707624237e-34,1.0071330097344578e-33,6.083642912872572e-33,3.313252577597805e-32,1.6469879068140287e-31,7.546986841838124e-31,3.2140087635923294e-30,1.2807884797436995e-29,4.8037844121927894e-29,1.7042348947149108e-28,5.743724183249915e-28,1.845952976103262e-27,5.676257001877868e-27
0.27044025157232704,0.0,4.58518943576789e-41,1.9709018457901075e-39,4.302202224434036e-38,6.357639618516306e-37,7.154134948247207e-36,6.537766723518561e-35,5.053235607506177e-34,3.397360866767328e-33,2.0278322343644206e-32,1.0914728771163654e-31,5.363076154524193e-31,2.429605818574208e-30,1.0231045024229639e-29,4.0321034893915503e-29,1.495850875084979e-28,5.249919517117696e-28,1.750659683436905e-27,5.567741211170301e-27,1.6944734683616258e-26
0.27358490566037735,0.0,1.6905911438563322e-40,7.169621495899533e-39,1.5444143917955975e-37,2.2526849495872245e-36,2.50253936538188e-35,2.2581781095284353e-34,1.723801110528984e-33,1.1448014004118155e-32,6.751054671362139e-32,3.5907258473730136e-31,1.743772740785749e-30,7.808968928910874e-30,3.251124681383992e-29,1.2669905144385889e-28,4.6486722401794175e-28,1.6138444778866693e-27,5.324113362402329e-27,1.6754363805529982e-26,5.046061560797055e-26
0.27672955974842767,0.0,6.23374135202432e-40,2.6078131151518447e-38,5.542535967710456e-37,7.978142207560111e-36,8.748406206382144e-35,7.793650941814655e-34,5.874767872052556e-33,3.853351874536399e-32,2.2447472047424537e-31,1.1796303260571558e-30,5.661093075400663e-30,2.5056941008160398e-29,1.0312585119951668e-28,3.973570549649051e-28,1.4417259652001487e-27,4.950315065422386e-27,1.6154947747967504e-26,5.029695410835873e-26,1.4989558024422446e-25
0.279874213836478,0.0,2.2987259347565767e-39,9.484246634262697e-38,1.9884738729782208e-36,2.8241832826588954e-35,3.056274179743823e-34,2.687614633088225e-33,2.000174056539385e-32,1.2955469822847859e-31,7.454248062937245e-31,3.869785417564709e-30,1.8349603351966748e-29,8.026367358220301e-29,3.2651312033735603e-28,1.2437469800666215e-27,4.461965561189519e-27,1.5151009854430464e-26,4.8904739977587087e-26,1.5062384886523288e-25,4.4413620508685685e-25
0.2830188679245283,0.0,8.477215187506266e-39,3.448834965994545e-37,7.131695909498935e-36,9.99232512961946e-35,1.0669936549051376e-33,9.26030408091015e-33,6.803079042588048e-32,4.350699294167457e-31,2.4720920258753455e-30,1.2676150296893623e-29,5.938132044283194e-29,2.566528366598809e-28,1.0318368012731593e-27,3.885112232505158e-27,1.3779552208995858e-26,4.626605648570653e-26,1.4769201471135503e-25,4.499421143797809e-25,1.3125208010448156e-24
0.2861635220125786,0.0,3.1264119534441813e-38,1.2539556356311262e-36,2.556948637284072e-35,3.5335833414763677e-34,3.722442343507311e-33,3.1878964780378485e-32,2.3114821113252128e-31,1.4592887916094069e-30,8.187155065569837e-30,4.145997386403457e-29,1.9184474230154164e-28,8.191960005247102e-28,3.254437867122168e-27,1.2110764108425641e-26,4.2460412165651864e-26,1.4095134233629016e-25,4.449347467835842e-25,1.340608469943561e-24,3.868383110046586e-24
0.2893081761006289,0.0,1.153096327468839e-37,4.558574072578695e-36,9.164356400931784e-35,1.24891097569608e-33,1.2977195620912778e-32,1.0964578836273525e-31,7.845289710372837e-31,4.888594398751719e-30,2.707643903098733e-29,1.353919130555488e-28,6.187371289730847e-28,2.6098897418660162e-27,1.0244057622758852e-26,3.7671342984403964e-26,1.305411397154293e-25,4.283852200412465e-25,1.337027879411596e-24,3.983824671446866e-24,1.1369871915399869e-23
0.29245283018867924,0.0,4.2531509275336924e-37,1.6569513463161404e-35,3.2834245529440007e-34,4.41170998451992e-33,4.5207467943327785e-32,3.7676980580852825e-31,2.6597845661040682e-30,1.6355771497583264e-29,8.94174149065831e-29,4.414267551720427e-28,1.992036213528789e-27,8.299006330146174e-27,3.2179157087258286e-26,1.1692205484329738e-25,4.004032473372269e-25,1.298763138849152e-24,4.0073748624439596e-24,1.1806491828328373e-23,3.3323676674666986e-23
0.29559748427672955,0.0,1.5688494320306494e-36,6.021727571819573e-35,1.1759567127633005e-33,1.5575192298847523e-32,1.573639700585131e-31,1.2934324125935864e-30,9.007162341372067e-30,5.464939723653853e-29,2.9485321684592887e-28,1.4368326780088978e-27,6.4017802877930255e-27,2.633757288124619e-26,1.0086919579915198e-25,3.6207684965687383e-25,1.2251990388225628e-24,3.9275909772809985e-24,1.1979102172846897e-23,3.4892511874295807e-23,9.738425960733479e-23
0.29874213836477986,0.0,5.7873062384927065e-36,2.188062202303035e-34,4.2100645045483575e-33,5.49543657742467e-32,5.473373863848682e-31,4.435897469268569e-30,3.04661791940756e-29,1.8235152047455803e-28,9.707853978671004e-28,4.668892989872058e-27,2.053494787521464e-26,8.341541187538167e-26,3.15498513790582e-25,1.1186551247645533e-24,3.739773909759913e-24,1.1846576344429704e-23,3.57109679552135e-23,1.0282564063427107e-22,2.837456272028027e-22
0.30188679245283023,0.0,2.1349901325339886e-35,7.949172615115261e-34,1.5066519742537953e-32,1.9377791754500752e-31,1.902164444833195e-30,1.5197614215361028e-29,1.029248502613713e-28,6.076097073371907e-28,3.191198419382128e-27,1.5144659403732937e-26,6.574331950784088e-26,2.6364037097542803e-25,9.846083353811023e-25,3.447893690507852e-24,1.1386318238392791e-23,3.563674694790611e-23,1.061595474138428e-22,3.021303050221428e-22,8.242119204857679e-22
0.30503144654088055,0.0,7.876603540100485e-35,2.8873821175132655e-33,5.389609851162683e-32,6.828578059327655e-31,6.604989037314311e-30,5.201288554559505e-29,3.4727845367309402e-28,2.0216789089887877e-27,1.0473126275995781e-26,4.903652984345308e-26,2.100630757548937e-25,8.314683302230576e-25,3.0656924110191635e-24,1.060092083218951e-23,3.4577132089790574e-23,1.069076710959283e-22,3.1467505045030475e-22,8.850653721361277e-22,2.386609107131923e-21
0.30817610062893086,0.0,2.9060649643697775e-34,1.0485832173659786e-32,1.9271478560921448e-31,2.4047525372930795e-30,2.2914726778534543e-29,1.7781685668571616e-28,1.1702351681961638e-27,6.716636729066051e-27,3.4313789026992903e-26,1.5847850017963117e-25,6.698255476103186e-25,2.6164936576424555e-24,9.522759109457401e-24,3.251127766271809e-23,1.0471995001134346e-22,3.1980923683750344e-22,9.299845659093515e-22,2.5846855720621283e-21,6.8883995798226e-21
0.3113207547169812,0.0,1.0722459049027225e-33,3.807272302553742e-32,6.887774442114956e-31,8.462806471712116e-30,7.942600177280322e-29,6.072192433090438e-28,3.938109240316758e-27,2.2280396413591006e-26,1.122296748907428e-25,5.1119443305545615e-25,2.131377130726663e-24,8.214944680303968e-24,2.9507688133675605e-23,9.944719640860905e-23,3.1627907181609204e-22,9.539129589774137e-22,2.7400738360993642e-21,7.524073452792895e-21,1.9815746495424672e-20
0.3144654088050315,0.0,3.956450720137652e-33,1.3820804073752183e-31,2.460602761472419e-30,2.976128395618991e-29,2.750441822604922e-28,2.0711530827023503e-27,1.3234345064601848e-26,7.379103248057115e-26,3.664116641560867e-25,1.6456620196172274e-24,6.767324855485968e-24,2.5731797778346644e-23,9.120390438584588e-23,3.0337868662903594e-22,9.52525004674564e-22,2.836775144164935e-21,8.04791297982609e-21,2.183088476862111e-20,5.68089083814862e-20
0.3176100628930818,0.0,1.4599533102552087e-32,5.015991443751376e-31,8.786077178509682e-30,1.0458538534765804e-28,9.515237936904054e-28,7.055952568901495e-27,4.4411672687395416e-26,2.4398950294933998e-25,1.1940656767040587e-24,5.286964508944335e-24,2.1438882320700684e-23,8.040524079531654e-23,2.811666613960396e-22,9.229455783783937e-22,2.860289686418929e-21,8.410091680630083e-21,2.3561260954499166e-20,6.312785872871316e-20,1.6229064784840078e-19
0.3207547169811321,0.0,5.387578162586276e-32,1.8200359331604858e-30,3.135676765924423e-29,3.6724910904397524e-28,3.288510895063774e-27,2.400809960503347e-26,1.4881638689606784e-25,8.053817668796513e-25,3.8838111653770634e-24,1.6949409131622522e-23,6.776174378950044e-23,2.5061907202692186e-22,8.644724608950379e-22,2.79980997726272e-21,8.563130301575702e-21,2.48539699984386e-20,6.874895450907294e-20,1.81910952387495e-19,4.619520988856534e-19
0.32389937106918243,0.0,1.988241763961826e-31,6.60234535318866e-30,1.1185149675762223e-28,1.2885719949008605e-27,1.1353392759362009e-26,8.158299271315902e-26,4.97899058355582e-25,2.65381495694424e-24,1.2607569265092719e-23,5.42194390372463e-23,2.136642319028351e-22,7.791564990552163e-22,2.650566237181914e-21,8.468446325112399e-21,2.555662283147883e-20,7.320956677275562e-20,1.9991354765645033e-19,5.223234324110875e-19,1.3100270590125614e-18
0.32704402515723274,0.0,7.337791797741927e-31,2.3944556993706763e-29,3.987655316141222e-28,4.5175398807033136e-27,3.915455770161503e-26,2.768607030147288e-25,1.6632046460994095e-24,8.728740467112206e-24,4.0843135474424894e-23,1.7305183900396508e-22,6.7206284200679185e-22,2.415904595582912e-21,8.103783954982019e-21,2.5536488102617527e-20,7.602919976463338e-20,2.1491803736489642e-19,5.792702739521698e-19,1.494224619641726e-18,3.7007941678140316e-18
0.33018867924528306,0.0,2.7082064451597228e-30,8.681617353717836e-29,1.4208536491928175e-27,1.5824398710427666e-26,1.3488137596857318e-25,9.38257351272879e-25,5.5467640073840564e-24,2.8656111463235173e-23,1.3203556701488255e-22,5.51042507823085e-22,2.1085462046437975e-21,7.470356753294258e-21,2.4703499839915534e-20,7.676416310550352e-20,2.254338656799407e-19,6.287309018179591e-19,1.6723818328448104e-18,4.258324444340616e-18,1.0413345945417744e-17
0.33333333333333337,0.0,9.995809147790709e-30,3.1468386055279947e-28,5.059727852803658e-27,5.538220166451817e-26,4.641052743001262e-25,3.17511670747172e-24,1.84670646272835e-23,9.389423854450676e-23,4.259073586164018e-22,1.7504390773618548e-21,6.5980286053658226e-21,2.303400972138763e-20,7.507725709691015e-20,2.3001251814397424e-19,6.661520518796699e-19,1.832717382275573e-18,4.810109418682771e-18,1.2088061199364946e-17,2.918189424529893e-17
0.3364779874213837,0.0,3.6895514968951465e-29,1.1403095604030477e-27,1.8006972068265162e-26,1.9364938647893766e-25,1.5949856439172505e-24,1.0728806877115347e-23,6.13752817022972e-23,3.070339943474533e-22,1.3707501703804763e-21,5.546583090182138e-21,2.0590359014815318e-20,7.081456861227365e-20,2.2745390803571113e-19,6.869001462155044e-19,1.961528240260281e-18,5.3224862041679666e-18,1.3781218758059548e-17,3.417557405620045e-17,8.143464732543346e-17
0.339622641509434,0.0,1.3619095573290588e-28,4.13085279865069e-27,6.404408802163969e-26,6.76471159762255e-25,5.474603994096916e-24,3.619702926915215e-23,2.0360969529782348e-22,1.0019085405423325e-21,4.4013441799223745e-21,1.7530021227943124e-20,6.407537499688515e-20,2.1704845723989434e-19,6.868583047803447e-19,2.0442606107836296e-18,5.7548225206129626e-18,1.539817176712184e-17,3.9325916849052286e-17,9.621881220604868e-17,2.262662284113104e-16
0.3427672955974843,0.0,5.027379577600336e-28,1.495957375772087e-26,2.2763064812718136e-25,2.3607673683199055e-24,1.8766492664115654e-23,1.2192665164395078e-22,6.741912626694733e-22,3.2623487834733745e-21,1.409805780943764e-20,5.525576021117884e-20,1.98816612821752e-19,6.631713601698623e-19,2.067192840726617e-18,6.06217354357123e-18,1.6820240343845633e-17,4.437149126107446e-17,1.11756155991414e-16,2.697306314823934e-16,6.258706340400774e-16
0.3459119496855346,0.0,1.855895251670915e-27,5.415702837896385e-26,8.085067246233747e-25,8.230200778668522e-24,6.424297394754289e-23,4.100167869338165e-22,2.228005595478407e-21,1.059883680960389e-20,4.504445051002955e-20,1.7368750070939882e-19,6.1503946347447e-19,2.0196744832051396e-18,6.199887315554365e-18,1.7910854305434663e-17,4.8971052235640334e-17,1.2733890632059439e-16,3.162317498633725e-16,7.527745774216329e-16,1.7232188156819034e-15
0.34905660377358494,0.0,6.851462517916114e-27,1.9599263258119647e-25,2.8696236482606686e-24,2.866174264993733e-23,2.1961230620209995e-22,1.3764278558097651e-21,7.34792953432544e-21,3.435377033882882e-20,1.4354575889732144e-19,5.443909504592596e-19,1.896680644216572e-18,6.130171312456486e-18,1.8527712612233994e-17,5.271615385250959e-17,1.4200214966304785e-16,3.638978784484688e-16,8.908775436015772e-16,2.0912180479473465e-15,4.721945473119549e-15
0.35220125786163525,0.0,2.5294775476577256e-26,7.090335747979698e-25,1.0177499848684874e-23,9.970345585766219e-23,7.496374152512825e-22,4.612368797971945e-21,2.418212363101877e-20,1.110810084118044e-19,4.56208382253128e-19,1.7012085518391987e-18,5.830098614446739e-18,1.8541540410429123e-17,5.516180106208167e-17,1.5454371103948114e-16,4.1005008650088174e-16,1.035369250991125e-15,2.498291133272832e-15,5.7818325729592475e-15,1.2875278839242767e-14
0.35534591194968557,0.0,9.338901026848461e-26,2.5640612372107236e-24,3.606764363359256e-23,3.464277470116634e-22,2.554953217522862e-21,1.5427002134802282e-20,7.94086548038898e-20,3.582721167417048e-19,1.4458202553726054e-18,5.299793417165121e-18,1.786054977916025e-17,5.587845966177833e-17,1.635965283672289e-16,4.512079641576288e-16,1.1789637376132134e-15,2.9325205032633003e-15,6.972864022685693e-15,1.5907145194097378e-14,3.492806062122812e-14
0.3584905660377359,0.0,3.4480837883823298e-25,9.268649797105207e-24,1.277143552269368e-22,1.2022314867096026e-21,8.694082355862445e-21,5.1498228598247234e-20,2.601634160454815e-19,1.1525245357739835e-18,4.568726980658169e-18,1.6457453504034836e-17,5.4524887523259894e-17,1.6776786494915454e-16,4.832433511628864e-16,1.3117595015510699e-15,3.374559871638323e-15,8.266965243961858e-15,1.936642695088721e-14,4.354162331106951e-14,9.425357076743412e-14
0.3616352201257862,0.0,1.273141406568274e-24,3.349056669270989e-23,4.518463410019575e-22,4.16690191211011e-21,2.953547176018721e-20,1.7156177436597767e-19,8.503315650875249e-19,3.697472159057271e-18,1.439311674995295e-17,5.093463565654109e-17,1.65850338687487e-16,5.01736661421471e-16,1.4215021033867058e-15,3.796770666314556e-15,9.614238420417396e-15,2.3191875118178075e-14,5.3515696018694635e-14,1.1855608472576253e-13,2.529566590661913e-13
0.3647798742138365,0.0,4.701018695541709e-24,1.209587745903429e-22,1.5971795213972206e-21,1.4423262788973403e-20,1.0016404156963689e-19,5.703327215044693e-19,2.77236389389971e-18,1.182845412000246e-17,4.5200065357611886e-17,1.5709122898565236e-16,5.025701842479803e-16,1.4944416227899393e-15,4.163406801312103e-15,1.0939159984904361e-14,2.7259484844077818e-14,6.473389097979023e-14,1.4710429063687033e-13,3.210458223780729e-13,6.750480181245919e-13
0.3679245283018868,0.0,1.7358953214243965e-23,4.366680804794315e-22,5.6404049055564735e-21,4.9855436500374463e-20,3.390735444527858e-19,1.8917998939764328e-18,9.015409439377048e-18,3.772829266113077e-17,1.4147847840834672e-16,4.827436862402259e-16,1.5169430154072924e-15,4.432488264426679e-15,1.2139359595086448e-14,3.1367915660170226e-14,7.690332143555282e-14,1.797424767408557e-13,4.0215799874513806e-13,8.644637517716393e-13,1.7909121520968165e-12
0.37106918238993714,0.0,6.410191872031478e-23,1.5756305229662095e-21,1.9899440470771142e-20,1.7208073797715407e-19,1.1456561131994511e-18,6.260633237158391e-18,2.923778129254403e-17,1.1996839350723271e-16,4.4131405006212475e-16,1.4778867141302332e-15,4.5599847702173915e-15,1.308901626861576e-14,3.522976981000257e-14,8.950299492041283e-14,2.1583027278369863e-13,4.963697451648523e-13,1.0932142942102884e-12,2.314040937632002e-12,4.722489658553564e-12
0.37421383647798745,0.0,2.367195890181091e-22,5.682444074117128e-21,7.013335130001988e-20,5.930520107573566e-19,3.863266868289304e-18,2.0668627793228534e-17,9.455278281552376e-17,3.802488608137329e-16,1.3716593109242912e-15,4.506665987394028e-15,1.3649103447203576e-14,3.847493551700015e-14,1.0174375085650652e-13,2.540697746927721e-13,6.024619368681109e-13,1.363021973336667e-12,2.9543099758456316e-12,6.156623194981244e-12,1.2374446983710922e-11
0.37735849056603776,0.0,8.74203974556559e-22,2.0482454689893693e-20,2.4691023896337508e-19,2.040619631272466e-18,1.3000328608495215e-17,6.80622636275538e-17,3.048729097053482e-16,1.2011779339380336e-15,4.247337157108348e-15,1.3686253966192568e-14,4.0673520850918437e-14,1.1255791969334701e-13,2.923488014623338e-13,7.173647978292134e-13,1.6722520082530995e-12,3.7208777193754446e-12,7.93502858824866e-12,1.627641388508139e-11,3.2213216341360274e-11
0.3805031446540881,0.0,3.228542504362578e-21,7.378740395927783e-20,8.682812255295449e-19,7.009802352954306e-18,4.365252626246201e-17,2.2353737121257206e-16,9.799813047041213e-16,3.781097005461796e-15,1.3100427109305807e-14,4.1385598617116014e-14,1.206428228922174e-13,3.276513229042242e-13,8.355967591999039e-13,2.014193558840329e-12,4.614533730629012e-12,1.0095530022775611e-11,2.1177576258737573e-11,4.2747521186994897e-11,8.328857988054274e-11
0.3836477987421384,0.0,1.1923812635545856e-20,2.656576096684348e-19,3.0497396639912654e-18,2.4037377557411247e-17,1.4624227945486294e-16,7.321276538505631e-16,3.1398346348356565e-15,1.185843567589166e-14,4.0241453227874575e-14,1.2458461569545598e-13,3.5610894341157007e-13,9.488338178423685e-13,2.3751677286066187e-12,5.6225429462408325e-12,1.2656127270777995e-11,2.7217232583809105e-11,5.6147014826873635e-11,1.115024286175671e-10,2.138273013708356e-10
0.3867924528301887,0.0,4.403910022084967e-20,9.558449652300288e-19,1.0698390698643745e-17,8.227471588049258e-17,4.887588456704936e-16,2.3908714545750086e-15,1.002574744182672e-14,3.7047513643329785e-14,1.2308272672387375e-13,3.732840383966805e-13,1.0458260285535143e-12,2.7328078248803822e-12,6.712552549219895e-12,1.5599997679060936e-11,3.449109320841466e-11,7.289085843991907e-11,1.4783602214893924e-10,2.887734078166098e-10,5.449336649912154e-10
0.389937106918239,0.0,1.6265827131856807e-19,3.4368615004327747e-18,3.747982719530939e-17,2.8106128477703186e-16,1.6293718236921398e-15,7.783836491879893e-15,3.1898747486814275e-14,1.1527369361290532e-13,3.747706631500642e-13,1.1129539683213067e-12,3.0551184930229666e-12,7.826367114928588e-12,1.8856613990583108e-11,4.300896688957836e-11,9.337382101560992e-11,1.938617981944873e-10,3.8646503684836136e-10,7.423359629884094e-10,1.3781486035501209e-09
0.39308176100628933,0.0,6.007974169124392e-19,1.2348918172526476e-17,1.3111967103214941e-16,9.581752385269452e-16,5.4174036930975824e-15,2.525978187457041e-14,1.0111083094947697e-13,3.571511860213614e-13,1.1357487975206453e-12,3.3012146568291754e-12,8.875203823124448e-12,2.2280632034702898e-11,5.2638239910216915e-11,1.17790685018193e-10,2.510304315465363e-10,5.118813908688288e-10,1.0027246693249625e-09,1.8935520645732595e-09,3.4576549118963307e-09
0.39622641509433965,0.0,2.219187122068347e-18,4.4337336827746944e-17,4.580303935612201e-16,3.259480106489044e-15,1.7961577282397676e-14,8.169373691360918e-14,3.192295053892646e-13,1.1016134907319639e-12,3.4248627079680906e-12,9.739069814431333e-12,2.5632557828422397e-11,6.303572468377895e-11,1.4597258529083076e-10,3.2036610982481885e-10,6.699973995781182e-10,1.3414164088655003e-09,2.581376333743052e-09,4.791173397215497e-09,8.603064724749181e-09
0.39937106918238996,0.0,8.197351000197771e-18,1.5906110938671945e-16,1.5974930116742073e-15,1.1062600175703694e-14,5.937609861150992e-14,2.632630935072538e-13,1.003683898326237e-12,3.3818841050252887e-12,1.027392104287266e-11,2.8568558609144546e-11,7.357695956564031e-11,1.7717594375443348e-10,4.02008305306343e-10,8.650133452032948e-10,1.7746734147578417e-09,3.487585962474992e-09,6.591227847250559e-09,1.2020971767760832e-08,2.122043409776999e-08
0.4025157232704403,0.0,3.028075256392479e-17,5.70151460169366e-16,5.562378935734807e-15,3.7455270737488685e-14,1.956674583006351e-13,8.45172318393116e-13,3.1418047578706442e-12,1.0330690195143643e-11,3.0650717837890416e-11,8.33023116491263e-11,2.0984149209691427e-10,4.94582192779872e-10,1.0991171732922837e-09,2.317856022570351e-09,4.6634275177422804e-09,8.99275847178521e-09,1.6686444180677187e-08,2.989547316546661e-08,5.1870273342916086e-08
0.4056603773584906,0.0,1.118595612527233e-16,2.041852699394158e-15,1.9333660246500323e-14,1.2648867414636694e-13,6.426650397109867e-13,2.7024588865461282e-12,9.789060925438814e-12,3.1392128606218087e-11,9.091298068172172e-11,2.4137049336532955e-10,5.944198637161559e-10,1.3706735533526311e-09,2.9822129448924016e-09,6.16131184256817e-09,1.215248854101136e-08,2.298773594543963e-08,4.186680543733311e-08,7.366542070217888e-08,1.255940183848361e-07
0.4088050314465409,0.0,4.132307835375274e-16,7.305338497006039e-15,6.707339019847235e-14,4.2599410374067636e-13,2.1034005771328004e-12,8.604537565832038e-12,3.035039750295342e-11,9.486423120203605e-11,2.680097559197932e-10,6.947345923822676e-10,1.6718171941225274e-09,3.7698633573372545e-09,8.026890555442369e-09,1.624076602955432e-08,3.1391926436635846e-08,5.823058782426882e-08,1.0406351122510334e-07,1.7977392572755577e-07,3.0110423524825485e-07
0.4119496855345912,0.0,1.5265995449437397e-15,2.6110146543086747e-14,2.3222827749192565e-13,1.4305151224334022e-12,6.858584716916186e-12,2.7273269521839966e-11,9.360965889460746e-11,2.849919899147098e-10,7.849850369135764e-10,1.985628335347263e-09,4.666657891506765e-09,1.028570823138441e-08,2.1423236335531633e-08,4.2432295932622725e-08,8.03470034363801e-08,1.461036460672242e-07,2.5612428731508946e-07,4.343042450404453e-07,7.14432222850665e-07
0.41509433962264153,0.0,5.63988567290749e-15,9.321797022275245e-14,8.02322955921674e-13,4.7888853440107196e-12,2.227496357697253e-11,8.603281021509208e-11,2.871240079774299e-10,8.508572162428512e-10,2.2834494857180876e-09,5.633055086281859e-09,1.29228610563573e-08,2.7826989009586247e-08,5.666986343393682e-08,1.098344672305615e-07,2.0366290519848948e-07,3.629230541735891e-07,6.238977830851699e-07,1.0381291414165088e-06,1.6768206542629173e-06
0.41823899371069184,0.0,2.083665446812202e-14,3.324117299761867e-13,2.7655854196445216e-12,1.5978546611207383e-11,7.203670518331039e-11,2.7000528990356443e-10,8.755023268437491e-10,2.5235143035003114e-09,6.594150568978479e-09,1.5854923826463183e-08,3.5484998353823406e-08,7.461254974072462e-08,1.485021150384098e-07,2.815217933167957e-07,5.10999165693942e-07,8.920404234487429e-07,1.503341710492267e-06,2.4539687279949155e-06,3.891024639936708e-06
0.42138364779874216,0.0,7.698356330027036e-14,1.1838606117577762e-12,9.509465805801509e-12,5.312500999619998e-11,2.319089801942787e-10,8.427759735595931e-10,2.652866977607013e-09,7.431817551867002e-09,1.8895789333406854e-08,4.425355249585425e-08,9.657047704288358e-08,1.981725191233259e-07,3.852942329929861e-07,7.141309963808822e-07,1.2683882592215615e-06,2.168335296345724e-06,3.5812755939797196e-06,5.733249632426585e-06,8.921697237135228e-06
0.42452830188679247,0.0,2.844331260891416e-13,4.2104555341851755e-12,3.2611872032655616e-11,1.7595706145252832e-10,7.429630800077855e-10,2.6152833152311755e-09,7.98469757628501e-09,2.1723084737221934e-08,5.37022239513768e-08,1.2242386041754273e-07,2.603260323731275e-07,5.210903716329996e-07,9.891855641671598e-07,1.7917509351243016e-06,3.1127643027402576e-06,5.209266940365701e-06,8.429253853604372e-06,1.3230696084447297e-05,2.0201056114865008e-05
0.4276729559748428,0.0,1.0509312497475837e-12,1.495248981078401e-11,1.1152082389252772e-10,5.804096036918607e-10,2.3678077433948028e-09,8.065094357296644e-09,2.386060510290582e-08,6.298854705417052e-08,1.512869409993509e-07,3.354795605320512e-07,6.947079967986013e-07,1.3556592082697322e-06,2.5113783525340856e-06,4.4435565276510774e-06,7.547775056385821e-06,1.2360908601271529e-05,1.9589669080004913e-05,3.0139131596306335e-05,4.514003164950008e-05
0.4308176100628931,0.0,3.883114783888617e-12,5.301509341057657e-11,3.801859834835477e-10,1.9060850640606874e-09,7.503795182662514e-09,2.4704805886358307e-08,7.075506256775267e-08,1.8107912149611153e-07,4.222105928408455e-07,9.100628419499523e-07,1.8340501816926885e-06,3.4870693362693274e-06,6.3007830923902585e-06,1.0885092156905979e-05,1.8070210616774304e-05,2.8949430146371677e-05,4.4920498737720465e-05,6.772355643766816e-05,9.9473746885502e-05
0.4339622641509434,0.0,1.4348211488168725e-11,1.8764016716270874e-10,1.2917628023221098e-09,6.229773588405716e-09,2.3636111625995977e-08,7.512917074320526e-08,2.0808197672457445e-07,5.157843822797868e-07,1.166498657448352e-06,2.4421769035954255e-06,4.786618171437806e-06,8.861755748476523e-06,1.5609754121277468e-05,2.6317808717854293e-05,4.268207731883677e-05,6.6867067724385e-05,0.00010155704407251524,0.00014999653421243577,0.00021601773802284934
0.4371069182389937,0.0,5.301841754753934e-11,6.628614824368078e-10,4.373084038090557e-09,2.0255691178469376e-08,7.396271509940389e-08,2.2669283322940554e-07,6.065001465203691e-07,1.4546438443052273e-06,3.188189557577815e-06,6.4780809940390314e-06,1.2339780580227737e-05,2.223171637806534e-05,3.815547195333391e-05,6.27510828485514e-05,9.938098017821211e-05,0.0001521969510982473,0.0002261857922874599,0.0003271909085673439,0.0004619087529822226
0.44025157232704404,0.0,1.9591470696796821e-10,2.3367436443097053e-09,1.4745705954976019e-08,6.54886015428753e-08,2.2979712199129753e-07,6.782417207370136e-07,1.7507804043180625e-06,4.058767202074801e-06,8.612910379333247e-06,1.6970933946918082e-05,3.139520251528618e-05,5.500844809945266e-05,9.193525411710317e-05,0.00014741802421503735,0.00022789845477595128,0.0003410585719719154,0.0004958187023632846,0.0007022929023636124,0.0009717050712147735
0.44339622641509435,0.0,7.239664521327896e-10,8.218632181093694e-09,4.950504674836444e-08,2.1042600632962743e-07,7.084209443850808e-07,2.0106079782172227e-06,5.001292193633457e-06,1.119437799784475e-05,2.2977409431359202e-05,4.3867214358117315e-05,7.875373398041044e-05,0.00013410894267985797,0.00021814131925355074,0.00034088210311500767,0.0005141963624272443,0.0007517186210000181,0.0010687186121659563,0.0014819071553235901,0.0020091949982203993
0.44654088050314467,0.0,2.6753512703939335e-09,2.8832538949268162e-08,1.654047441862353e-07,6.715620740283345e-07,2.1653805965661445e-06,5.900676543569116e-06,1.4124787926709122e-05,3.048919035495952e-05,6.047122705655651e-05,0.00011175994209104967,0.00019456231727096288,0.00032179629213145353,0.0005091508852165292,0.000775008544721756,0.0011402381349368816,0.0016278771943865394,0.0022627286500214124,0.0030709001161083214,0.004079313787981897
0.449685534591195,0.0,9.886760101976342e-09,1.0086453018093161e-07,5.497169507529463e-07,2.1272770201431973e-06,6.5570323317687905e-06,1.7127406747475528e-05,3.93981547365374e-05,8.191207885265598e-05,0.00015681527296368977,0.000280301636439325,0.0004728243304582451,0.0007590499543643206,0.0011675630820503257,0.0017303543040882124,0.0024821416263931194,0.0034595827856957677,0.004700436060475138,0.006242721525506863,0.008123925598369067
0.4528301886792453,0.0,3.653741705833809e-08,3.517404622968087e-07,1.8162013758510348e-06,6.682865643333685e-06,1.9651175157521942e-05,4.911557870775932e-05,0.00010840387277479404,0.00021679869419894275,0.0004001748530911761,0.0006911559536635704,0.0011287724849565492,0.001757671732363644,0.002626977080491645,0.0037889178876082397,0.005297353881309961,0.0072063055059649874,0.009568580028053345,0.012434557924528605,0.01585117921958083
0.4559748427672956,0.0,1.3503060177214139e-07,1.2222608742086713e-06,5.960981758489006e-06,2.080139893904001e-05,5.822203050808912e-05,0.0001389739098763878,0.0002938276361500294,0.0005644755091825374,0.0010034289345304452,0.0016729417568884953,0.0026431361138531118,0.0039895895935864525,0.005790663680010466,0.00812482867185649,0.011068188118358692,0.014692343069363838,0.01906267536566004,0.024237077183027696,0.030265114353367553
0.4591194968553459,0.0,4.990418109066709e-07,4.230182090603616e-06,1.9419518309894165e-05,6.408116504930796e-05,0.00017030581456765792,0.0003874292475630151,0.0007833054111002967,0.0014434250663554425,0.0024680980142874633,0.003968231324401319,0.006060360932382038,0.008861564490029701,0.012484758505634921,0.01703471927195637,0.022605006480661778,0.029275834876369734,0.03711284232849409,0.046166641975078616,0.05647301594517212
0.46226415094339623,0.0,1.8443863159209703e-06,1.4573390339826248e-05,6.273232538889607e-05,0.00019511975715853102,0.0004910625441606364,0.0010622959557592428,0.0020500305791659665,0.0036180528818716834,0.0059433929546610555,0.009206210134049875,0.013580277881690908,0.019225004521799368,0.026279468532452506,0.034858569414585934,0.04505113258651949,0.05691965615721318,0.07050132684214436,0.08580993433678057,0.10283835304711784
0.46540880503144655,0.0,6.816743272966917e-06,4.994192163576777e-05,0.00020070063460441798,0.0005862911784112933,0.0013931608709535088,0.0028589445729404637,0.005255865629582334,0.00887003850326192,0.013980867274405822,0.020843533009314314,0.02967614017033541,0.04065188897964398,0.05389582588277234,0.06948529190263321,0.0874530515708052,0.10779213825812686,0.13046160465878773,0.15539255505181962,0.18249401880418256
0.46855345911949686,0.0,2.519485932106662e-05,0.00017009647010915457,0.0006349810985228165,0.0017351012277907762,0.0038801631680565932,0.007533843557402328,0.013166781306916338,0.02121408883880565,0.03204373807754352,0.04593778097786146,0.06308535836805391,0.083584926544204,0.10745272728236434,0.1346347938666144,0.1650203551732504,0.1984551303481926,0.2347535684013951,0.2737095284189724,0.31510521138368536
0.4716981132075472,0.0,9.312295669095495e-05,0.0005751379376316303,0.0019829667824202255,0.005045418530166275,0.010580309787995136,0.01938241367731182,0.03213336674213507,0.04934642603231661,0.07134533961057055,0.09826960017572632,0.13009651096907154,0.1666715698425767,0.20774089051332956,0.2529816637261844,0.3020285288307313,0.35449505087156685,0.4099903309804388,0.46813123387493233,0.5285509147092179
0.4748427672955975,0.0,0.0003442003153375392,0.001927862388125462,0.006097888611688446,0.014372431917167,0.028150481575337723,0.048510597244844675,0.07612126512215321,0.11124166047307965,0.15377816901487296,0.20336552239523994,0.2594508771498214,0.32136857788424505,0.38840039910792895,0.4598204871834835,0.5349265622424122,0.6130598837789009,0.6936166161148637,0.7760529581686921,0.8598859766744525
0.4779874213836478,0.0,0.0012722584135266193,0.00639420012101414,0.01840818654841013,0.039954679208579494,0.07277565498168714,0.11760036761247944,0.17427614903366048,0.24200302088170303,0.31957729071047647,0.4055966207990509,0.4986115462912786,0.5972259903823843,0.7001565417483122,0.8062616396339255,0.9145505015859321,1.024179445882352,1.1344410982313473,1.2447501806121264,1.3546282324327346
0.4811320754716981,0.0,0.0047027168859514,0.020930580133269986,0.054328014521522736,0.10785921234438883,0.18183640616265098,0.2746457555450782,0.3835802430180055,0.5055113331408699,0.637336224274118,0.776230170376401,0.919759492190108,1.065907173820384,1.2130499140667643,1.3599123488882663,1.5055139215053825,1.6491168666021025,1.7901793721708323,1.928315411075023,2.0632613450665134
0.48427672955974843,0.0,0.01738327689816919,0.06737094783374767,0.15587254159630598,0.2808914246175364,0.43609164106915294,0.6137339636330017,0.8064175887612947,1.0078684102054212,1.2131463956042388,1.4185606820802374,1.6214697490306023,1.8200602714314331,2.013146773111738,2.200006353727627,2.3802493906538715,2.553721675613633,2.7204319548531393,2.8804991048905304,3.034114074979883
0.48742138364779874,0.0,0.0642574745654501,0.2120814539429853,0.4312906054565922,0.6993728254735131,0.9948300952604143,1.3010680293957304,1.6066866590435644,1.9045053295978622,2.1903866740395515,2.462240437770137,2.719286203773823,2.961544983916205,3.1895035477988545,3.4038995057297674,3.605587204272045,3.795456242942704,3.974383609753201,4.143206971200362,4.302711078993091
0.49056603773584906,0.0,0.23753342467078406,0.6473667076384373,1.1372587604015014,1.6439388753161865,2.1328351772842855,2.5882156003575045,3.0049425609973777,3.383249855212768,3.7257955572386647,4.0361146021804855,4.317857627928269,4.574448140437203,4.8089527926947815,5.024055114132943,5.2220758926313,5.405011671706298,5.574577580912769,5.732248265713573,5.8792944542533245
0.4937106918238994,0.0,0.8780813717865864,1.888092118178733,2.8049625794639566,3.5820126249199897,4.228244776117265,4.765919336272156,5.2170055703430505,5.599693852643595,5.928174671373091,6.2133022897661006,6.46335962896299,6.684704518181364,6.882264699887708,7.059902937379215,7.220682877446829,7.367062489788714,7.501035572357003,7.624236158234935,7.738016334733729
0.4968553459119497,0.0,3.2460382993908725,5.11291170941688,6.270785870164011,7.041140877262158,7.586058396573613,7.991696256559835,8.306393346770268,8.558739732461502,8.766504949001568,8.941243057379872,9.090773738212462,9.220577718389483,9.334614552924368,9.435820677766483,9.52642363885856,9.608146784485625,9.682346487297451,9.750106527024473,9.81230451308653
0.5,0.0,12.0,12.0,12.0,12.0,12.0,12.0,12.0,12.0,12.0,12.0,12.0,12.0,12.0,12.0,12.0,12.0,12.0,12.0,12.0
